pep_ID,pep_sequence
1,AIFPKQYPIINF
2,TTAGATVQS
3,TTAGATVQSYTNF
4,YTNF
5,IRAVRGRL
6,IRAVRGRLTTGAD
7,VRGRLTTGAD
8,TTGADVRHEIPVLPNRVGLPINQRFIL
9,DVRHEIPVLPNRVGLPINQRFIL
10,VRHEIPVL
11,VRHEIPVLPNRVGLPINQ
12,VRHEIPVLPNRVGLPINQRF
13,VRHEIPVLPNRVGLPINQRFIL
14,RFIL
15,ILVE
16,ILVELSNHAEL
17,VELSNHAEL
18,VELSNHAELS
19,LSNHAEL
20,SVTL
21,SVTLA
22,SVTLAL
23,VTLAL
24,LALDMTNA
25,LALDMTNAAVVGYRAGNSAY
26,ALDMTNA
27,ALDMTNAAVVGYRAGNSAY
28,DMTNA
29,DMTNAAVVGYRAGNSAY
30,AVVGYRAGNSAY
31,YRAGNSAY
32,FFHPDNQE
33,FFHPDNQEDA
34,FFHPDNQEDAE
35,FFHPDNQEDAEA
36,FFHPDNQEDAEAITHL
37,FHPDNQE
38,FHPDNQEDAEAITHL
39,EAITHL
40,AITHL
41,ITHL
42,ITHLFT
43,FTDVQNRYTFA
44,FTDVQNRYTFAFGGN
45,AFGGN
46,FGGNYDRL
47,YDRL
48,YDRLEQL
49,YDRLEQLAGNL
50,YDRLEQLAGNLRE
51,EQLAGNL
52,EQLAGNLRE
53,AGNLRE
54,AGNLRENIELGNGPLEEAISAL
55,RENIELGNGPLEE
56,RENIELGNGPLEEAISAL
57,NIELGNGPLEE
58,NIELGNGPLEEA
59,NIELGNGPLEEAISAL
60,EAISAL
61,AISA
62,AISAL
63,ISAL
64,YYYSTGGTQL
65,YYYSTGGTQLPTL
66,YYSTGGTQLPTL
67,PTLARS
68,PTLARSF
69,ARSF
70,ARSFIIC
71,FIIC
72,IICIQ
73,IQMISEAARF
74,ISEAARF
75,AARF
76,QYIEG
77,QYIEGE
78,QYIEGEM
79,QYIEGEMRT
80,QYIEGEMRTRIRYNRRSAPDPSV
81,EMRTRIRYNRRSAPDPSV
82,MRTRIRYNRRSAPDPSV
83,RTRIRYNRRSAPDPSV
84,RTRIRYNRRSAPDPSVIT
85,RIRYNRRSAPDPSV
86,RIRYNRRSAPDPSVITL
87,NRRSAPDPSV
88,ITLENS
89,ITLENSWGRL
90,ITLENSWGRLST
91,ITLENSWGRLSTA
92,LENSWGRL
93,LENSWGRLST
94,LENSWGRLSTA
95,ENSWGRL
96,ENSWGRLSTA
97,WGRLSTA
98,GRLST
99,AIQESNQGA
100,AIQESNQGAFASPIQL
101,IQESNQGA
102,IQESNQGAFASPIQL
103,ESNQGAFASPIQL
104,SNQGAFASPIQL
105,FASPIQL
106,FASPIQLQRRNGSKF
107,ASPIQLQRRNGSKF
108,LQRRNGSKF
109,LQRRNGSKFSVY
110,QRRNGSKFSVY
111,QRRNGSKFSVYD
112,QRRNGSKFSVYDVS
113,QRRNGSKFSVYDVSIL
114,FSVY
115,SVYDVS
116,SVYDVSIL
117,YDVSIL
118,DVSIL
119,VSIL
120,ILIPIIA
121,ILIPIIAL
122,ILIPIIALM
123,IPIIA
124,IPIIAL
125,IPIIALM
126,MVYRCAPPPSSQF
127,VYRCAPPPSSQF
128,YRCAPPPSSQF
129,RCAPPPSSQF
